{
	"info": {
		"_postman_id": "7cb34a64-6679-4d4e-a868-8b2d6ed242e9",
		"name": "SimulaInvestimentos",
		"description": "Teste técnico para simulação de investimentos.",
		"schema": "https://schema.getpostman.com/json/collection/v2.1.0/collection.json"
	},
	"item": [
		{
			"name": "APISImulador",
			"event": [
				{
					"listen": "test",
					"script": {
						"id": "3ed4c7a7-010e-42cc-907f-610bf7439cc1",
						"exec": [
							"//Verificando Status do response\r",
							"pm.test(\"Status\", function () {\r",
							"    pm.response.to.have.status(200);\r",
							"});\r",
							"\r",
							"const jsonData = pm.response.json();\r",
							"\r",
							"\r",
							"pm.test(\"Content-Type header is present\", () => {\r",
							"  pm.response.to.have.header(\"Content-Type\");\r",
							"});\r",
							"\r",
							"//Valida valor existente response\r",
							"pm.test(\"Teste valor existente response\", function () {\r",
							"    var jsonData = pm.response.json();\r",
							"    pm.expect(jsonData.value).to.eql(100);\r",
							"});\r",
							"\r",
							"//Atualizando o valor da variável de ambiente passada como parâmetro\r",
							"pm.environment.set(\"idenviron\", \"2\");\r",
							"\r",
							"pm.environment.set(\"mesesenviron\", \"111\");\r",
							"\r",
							"pm.environment.set(\"valorenviron\", \"4.802\");\r",
							"\r",
							""
						],
						"type": "text/javascript"
					}
				}
			],
			"protocolProfileBehavior": {
				"disableBodyPruning": true
			},
			"request": {
				"method": "GET",
				"header": [
					{
						"key": "Content-Type",
						"value": "application/json",
						"type": "text"
					}
				],
				"body": {
					"mode": "raw",
					"raw": "{\r\n    \"id\": \"@idenviron\",\r\n    \"meses\": [\r\n        \"@mesesenviron\"\r\n    ],\r\n    \"valor\": [\r\n        \"@valorenviron\"\r\n    ]\r\n}",
					"options": {
						"raw": {
							"language": "json"
						}
					}
				},
				"url": {
					"raw": "http://5b847b30db24a100142dce1b.mockapi.io/api/v1/simulador",
					"protocol": "http",
					"host": [
						"5b847b30db24a100142dce1b",
						"mockapi",
						"io"
					],
					"path": [
						"api",
						"v1",
						"simulador"
					]
				},
				"description": "Simulador investimento"
			},
			"response": []
		}
	],
	"protocolProfileBehavior": {}
}